ENTREPRISE;PROJET;THEMATIQUE;PAGE;VAGUE
AB Tasty;Personnalisation;NUMÉRIQUE;57;1
AB7 Industries;Terrabios;AGRICULTURE INNOVANTE;38;1
ACCENTA;ACCENTA.AI;ÉNERGIES RENOUVELABLES, STOCKAGE ET SYSTÈMES ÉNERGÉTIQUES;07;1
Aenitis Technologies;ALI-S ;SANTÉ;80;1
AIRWEB;TICKET_UNIVERSEL;TRANSPORT ET MOBILITÉ DURABLE;24;1
ALPHEE Developpement;SMART20;TRANSPORT ET MOBILITÉ DURABLE;25;1
ALSID;NGCySS ;SÉCURITÉ ET CYBERSÉCURITÉ;88;1
ALYCE;Observer;TRANSPORT ET MOBILITÉ DURABLE;26;1
AP&BS;SYMPHONIA;NUMÉRIQUE;58;1
APIX Analytics;MILAN;FRENCH FAB;94;1
ARYBALLE Technologies;NeOse F3;ALIMENTATION INTELLIGENTE;101;1
ATAWEY;FRHYSE;TRANSPORT ET MOBILITÉ DURABLE;27;1
BIODEVAS Laboratoires;BIOBACT;AGRICULTURE INNOVANTE;39;1
BIOMEDE;SEEDEXTRA;AGRICULTURE INNOVANTE;40;1
Botify;Botify AI;NUMÉRIQUE;59;1
C4Hydro;LEGIO EZ-AUTO;ÉCOSYSTÈMES TERRESTRES, AQUATIQUES ET MARINS;49;1
Carbon Bee AgTech;ILS;AGRICULTURE INNOVANTE;41;1
Cycle Farms;CYCLE SEED;AGRICULTURE INNOVANTE;42;1
Cythelia Energy;ASUITE-PV-BIM;ÉNERGIES RENOUVELABLES, STOCKAGE ET SYSTÈMES ÉNERGÉTIQUES;08;1
DEEPKI;STASE2;ÉNERGIES RENOUVELABLES, STOCKAGE ET SYSTÈMES ÉNERGÉTIQUES;09;1
DIBOTICS;Beyond-LiDAR;TRANSPORT ET MOBILITÉ DURABLE;28;1
Diimotion;DODI;AGRICULTURE INNOVANTE;43;1
DNA Script;SynVec;SANTÉ;81;1
DualSun;DualFab;ÉNERGIES RENOUVELABLES, STOCKAGE ET SYSTÈMES ÉNERGÉTIQUES;10;1
eBike Labs;eBike Brain;TRANSPORT ET MOBILITÉ DURABLE;29;1
EnerBee;Little Bee;ÉNERGIES RENOUVELABLES, STOCKAGE ET SYSTÈMES ÉNERGÉTIQUES;11;1
Energies Demain;AtAC;ÉNERGIES RENOUVELABLES, STOCKAGE ET SYSTÈMES ÉNERGÉTIQUES;12;1
ENTECH-SE;CSV;ÉNERGIES RENOUVELABLES, STOCKAGE ET SYSTÈMES ÉNERGÉTIQUES;13;1
ETS DUBRULLE;2018CROPV;AGRICULTURE INNOVANTE;44;1
EUVEKA;BEM;NUMÉRIQUE;60;1
Everysens;OMNITRACK;TRANSPORT ET MOBILITÉ DURABLE;30;1
Expliseat;AERORAIL;TRANSPORT ET MOBILITÉ DURABLE;31;1
FLUDIA;FUSINI;ÉNERGIES RENOUVELABLES, STOCKAGE ET SYSTÈMES ÉNERGÉTIQUES;14;1
FORSETI SAS;Doctrine.eu;NUMÉRIQUE;61;1
Georges.tech SAS;GEORGES ;NUMÉRIQUE;62;1
GO TOUCH VR;GO TOUCH VR 5G ;NUMÉRIQUE;63;1
GULPLUG;SELFPLUG;TRANSPORT ET MOBILITÉ DURABLE;32;1
H-PreC SAS;BloK;FRENCH FAB;95;1
HAWK;SOLARWATCH;ÉNERGIES RENOUVELABLES, STOCKAGE ET SYSTÈMES ÉNERGÉTIQUES;15;1
Infolegale;COMPLIFY ;NUMÉRIQUE;64;1
IoT.bzh;SILEX ;NUMÉRIQUE;65;1
IXSANE;EMILIE;ÉCOSYSTÈMES TERRESTRES, AQUATIQUES ET MARINS;50;1
KITEWINDER;STRATO-WIND;ÉNERGIES RENOUVELABLES, STOCKAGE ET SYSTÈMES ÉNERGÉTIQUES;16;1
KLEARIA;MICROPOLTRACK;ÉCOSYSTÈMES TERRESTRES, AQUATIQUES ET MARINS;51;1
LIBRICIEL SCOP SA;IPNG;NUMÉRIQUE;66;1
LyophiTech ;LYOAC;ALIMENTATION INTELLIGENTE;102;1
MagIA Diagnostics SAS;MagIABioprod ;SANTÉ;82;1
Mascara Nouvelles Technologies;ECO DESSALEMENT SOLAIRE;ÉCOSYSTÈMES TERRESTRES, AQUATIQUES ET MARINS;52;1
MC2 Technologies;SACOP;SÉCURITÉ ET CYBERSÉCURITÉ;89;1
Metagritech;Hydroferti;AGRICULTURE INNOVANTE;45;1
MilliDrop Instrument SAS;DIHAG ;SANTÉ;83;1
MJVA-Creaminal;bridg.audio;NUMÉRIQUE;67;1
MultiX S.A.;AUTOSOFT ;SÉCURITÉ ET CYBERSÉCURITÉ;90;1
MYRIADE;COLE;SANTÉ;84;1
NETATMO;NHA;NUMÉRIQUE;68;1
NEWHEAT;SCALE&MIX;ÉNERGIES RENOUVELABLES, STOCKAGE ET SYSTÈMES ÉNERGÉTIQUES;17;1
Nextmind;NeurAction ;NUMÉRIQUE;69;1
Odit-e;UTILIT-e;ÉNERGIES RENOUVELABLES, STOCKAGE ET SYSTÈMES ÉNERGÉTIQUES;18;1
OWNEST SAS;OWNEST ;NUMÉRIQUE;70;1
PERARD;Silo-eXpress;AGRICULTURE INNOVANTE;46;1
PERCIPIO ROBOTICS;FRENCH PRECISION;FRENCH FAB;96;1
Pherecydes Pharma;Phagogramme ;SANTÉ;85;1
Pricemoov;PRM;NUMÉRIQUE;71;1
Prove & Run;ProvenStore;SÉCURITÉ ET CYBERSÉCURITÉ;91;1
Reuniwatt SAS;Deep PV Forecasting – DPVF;ÉNERGIES RENOUVELABLES, STOCKAGE ET SYSTÈMES ÉNERGÉTIQUES;19;1
SEAir;Foil’GEE;TRANSPORT ET MOBILITÉ DURABLE;33;1
SEAVIEWS;CartHabS;ÉCOSYSTÈMES TERRESTRES, AQUATIQUES ET MARINS;53;1
SENTRYO;KITEA ;SÉCURITÉ ET CYBERSÉCURITÉ;92;1
SHIPPEO;SASHA;NUMÉRIQUE;72;1
Sidetrade;EuroFirmo;NUMÉRIQUE;73;1
SKILLUP;MLFORM ;NUMÉRIQUE;74;1
SOLEAN;SHINE LEAN SOLAR ;FRENCH FAB;97;1
Soleo Eco-Solutions;Fourmanioc;AGRICULTURE INNOVANTE;47;1
SPECTRALYS innovation;OPTI MILL;ALIMENTATION INTELLIGENTE;103;1
SPYGEN SAS;ALIVe;ÉCOSYSTÈMES TERRESTRES, AQUATIQUES ET MARINS;54;1
STEADYSUN;MoNuTeR;ÉNERGIES RENOUVELABLES, STOCKAGE ET SYSTÈMES ÉNERGÉTIQUES;20;1
STIRAL;COMHEX Cu-Al;TRANSPORT ET MOBILITÉ DURABLE;34;1
SurfactGreen;T2BIO ;FRENCH FAB;98;1
TENEVIA;CAM-WaterQuality;ÉCOSYSTÈMES TERRESTRES, AQUATIQUES ET MARINS;55;1
Therapixel SA;MammoScreen ;NUMÉRIQUE;75;1
TIAMAT;POWERBAT;ÉNERGIES RENOUVELABLES, STOCKAGE ET SYSTÈMES ÉNERGÉTIQUES;21;1
tictactrip;MARIT;TRANSPORT ET MOBILITÉ DURABLE;35;1
TRISKEM INTERNATIONAL;C.L.I.P.S. 2020;FRENCH FAB;99;1
TrustBK;Margo Bank ;NUMÉRIQUE;76;1
UPTIME;PEMSys;NUMÉRIQUE;77;1
Vaxinano;NANOVAXIN;SANTÉ;86;1
VEKIA;suppl.AI;NUMÉRIQUE;78;1
VOLTINOV;BE-LIGHT;ÉNERGIES RENOUVELABLES, STOCKAGE ET SYSTÈMES ÉNERGÉTIQUES;22;1
Vulog;MaasLab;TRANSPORT ET MOBILITÉ DURABLE;36;1
7HUGS LABS;MARS ;Numérique;36;2
Acklio;Plug & Play LPWAN Connectivity ;Numérique;37;2
ADIONICS;HAL’EXTRA;Agriculture, industrie et sylviculture éco-efficientes;13;2
AlgoSource;Allisimac;Alimentation intelligente;75;2
Alkemics;B2B MARKETPLACE ;Numérique;38;2
ALKION BIO INNOVATIONS;NeGenSweet;Alimentation intelligente;76;2
ALPINOV X;FHP;Agriculture, industrie et sylviculture éco-efficientes;14;2
AmpliSIM;RefSIM;Expositions chroniques et risques sanitaires;33;2
BBS SLAMA;BEE;Performance environnementale des bâtiments;7;2
BOOSTHEAT;BOOSTHEAT.20;Performance environnementale des bâtiments;8;2
CardioRenal;IMPACTER ;Santé;54;2
CONNECTING FOOD;Live Transparency;Alimentation intelligente;77;2
Cycl-add;Poly’add;Economie circulaire;22;2
DELTALYS;CattaLys;Economie circulaire;23;2
DIGINOVE;TELECENSE;Espace;63;2
E-ODYN;DUOS;Espace;64;2
ECO-ADAPT;EFFI-MOTEUR;Agriculture, industrie et sylviculture éco-efficientes;15;2
Ecodrop;Technodrop;Economie circulaire;24;2
ENHANCIA;M2HD;Numérique;39;2
Exotrail;PEPS;Espace;65;2
FairyTool;PocketStudio;Numérique;40;2
GoJob;INSERT;Société inclusive et solidaire;70;2
IEXEC;ETH4ETR;Numérique;41;2
Incepto Medical;Augmented Radiology ;Santé;55;2
InnovaFeed;InScale;Economie circulaire;25;2
Intent – Drone Interactive;ARCADRONE;Numérique;42;2
INVERS;INFARM;Agriculture, industrie et sylviculture éco-efficientes;16;2
IT CONTROL EXPERT;ECOSTRAUV;Performance environnementale des bâtiments;9;2
Lactips;EMBALACTIF;Alimentation intelligente;78;2
Les Alchimistes;Alchimistes;Economie circulaire;26;2
Linkednutri;Linkednutri;Alimentation intelligente;79;2
LXRepair;ZYMONCO;Santé;56;2
Mac-Lloyd;GPSKIN;Numérique;43;2
MagIA Diagnostics;MagIA Diag IST ;Santé;57;2
MEDIMPRINT;DETIC;Santé;58;2
METAFORA biosystems;CellMETA-analyzer ;Santé;59;2
MODETIC / L’équipe 1083;MONCOTON;Economie circulaire;27;2
NEXT4;ISCT - International Supply Chain Trackers;Espace;66;2
NEXTFLOW Software;FINISHH;Numérique;44;2
Nomad Education;Revision Adaptive 2.0 ;Numérique;45;2
NovaGray;NovaGray Chir;Santé;60;2
OKEENEA;KLEVER;Société inclusive et solidaire;71;2
OROSOUND;DASH;Expositions chroniques et risques sanitaires;34;2
Payfit;Payfit;Numérique;46;2
POLLEN Metrology;PLATYPUS BOOST ;Numérique;47;2
Rheonova;MucoCF ;Santé;61;2
ROSI;REDESIGN;Economie circulaire;28;2
SAVE INNOVATIONS;S-PG;Agriculture, industrie et sylviculture éco-efficientes;17;2
SITIA;EVAgri;Agriculture, industrie et sylviculture éco-efficientes;18;2
Skopai;EINAI;Numérique;48;2
Smart Cast;DTR;Performance environnementale des bâtiments;10;2
SMOME;SMOME BPA;Performance environnementale des bâtiments;11;2
Spideo;SPIDEO CREATIVE SaaS;Numérique;49;2
Technologies de France;OSIRX GF;Economie circulaire;29;2
Tempow – Tap Sound System;TWE;Numérique;50;2
ThrustMe;TREND;Espace;67;2
Tinyclues;Auto-Drive ;Numérique;51;2
Toucan Toco;Plateforme Toucan ;Numérique;52;2
TRYON;Modul’O+;Economie circulaire;30;2
Unis C;PROJET IO ;Société inclusive et solidaire;72;2
UNSEENLABS;UNSEENLABS;Espace;68;2
URBAN ECO SCOP;URBAN’COMPOST;Economie circulaire;31;2
UV BOOSTING;UV BOOSTING;Agriculture, industrie et sylviculture éco-efficientes;19;2
VITIBOT;BKE;Agriculture, industrie et sylviculture éco-efficientes;20;2
Wheeliz;Wheeliz;Société inclusive et solidaire;73;2
AIVE;AIVE R&D;Numérique deeptech ;45;3
AKRYVIA;PICUP;French Fab;38;3
ALTAROAD;Intrack;Transport et mobilité durable;26;3
ANANKE;ECOGEN_ANANKE;Efficacité en énergie et en ressources;13;3
antidot;Smart FT;Numérique Deep Tech;46;3
ATEME;AI4SEC;Numérique Deep Tech;47;3
ACWA Robotics;ACWA ;Eau et biodiversité ;7;3
BIROTA;ZOTR;Transport et mobilité durable;27;3
bMotion Technologies;MILA Learn;Numérique Deep Tech;48;3
BuyCo;AUTO SHIPPING;Transport et mobilité durable;28;3
CT2MC;CAN'EAU;Eau et biodiversité;8;3
CityTaps;IoW;Eau et biodiversité;9;3
CWS MOREL;POG;Transport et mobilité durable;29;3
D-ICE Engineering;OCEANICS;Transport et mobilité durable;30;3
DASHDOC;RODATRANS;Transport et mobilité durable;31;3
DCbrain SAS;MarvinZero;French Fab;39;3
Deep Algo;C-3PO;Numérique Deep Tech;50;3
DigiMobee;mobeeFLEET;Transport et mobilité durable;32;3
DIOTASOFT S.A.S.;ASSMA;French Fab;40;3
E-COBOT;HULKY;French Fab;41;3
ENWIRES;XSTREAM;Énergies renouvelables, stockage et systèmes énergétiques ;19;3
EOLINK SAS;EFFICACE;Énergies renouvelables, stockage et systèmes énergétiques;20;3
Foodvisor;AQUA;Numérique Deep Tech;51;3
GEOLITH;Li-Capt 2;Efficacité en énergie et en ressources;14;3
Glose SAS;IA au service de la lecture;Numérique Deep Tech;52;3
Green Communications;B4V;Transport et mobilité durable;33;3
GREEN SHIELD ;GREENSHIELD;Agriculture innovante;68;3
Hackuity;Augmented Pentests;Sécurité et cybersécurité;65;3
Heyday Integrated Circuits;Heyday Lily;Efficacité en énergie et en ressources;15;3
imajing;INITIA;Numérique Deep Tech;53;3
Inalve;DEMETRA;Efficacité en énergie et en ressources;16;3
Kleros;Themis;Numérique Deep Tech ;49;3
LODIAG;HydroScreen;Eau et biodiversité ;11;3
MaaT Pharma;FORM;Santé - bioproduction;58;3
MAbSilico SAS;MABSI CI V3;Santé Bioproduction;59;3
METRON;EVA 4.0;Efficacité en énergie et en ressources;17;3
Mipsology;ZEBRA-2019c;Numérique Deep Tech;54;3
NOVITOM;3D-NEXCT;Numérique Deep Tech;55;3
PAT;HERBISCAN;Agriculture innovante;70;3
PATHOQUEST;METAGENOMIXX;Santé - bioproduction;60;3
SABI AGRI;META;Agriculture innovante;71;3
SAS Pikcio Services;PikcioLab;Numérique Deep Tech;56;3
Sereema SA;Windfit 03;Énergies renouvelables, stockage et systèmes énergétiques;21;3
Seva Technologies;ARGESTE;Transport et mobilité durable;34;3
SKIPPER NDT;2SMI;French fab;42;3
Smart Immune;SmarTCellAUTOMATED;Santé Bioproduction;61;3
SolarCloth System;EARN ;Énergies renouvelables, stockage et systèmes énergétiques ;22;3
SPIREC;RETIS;Énergies renouvelables, stockage et systèmes énergétiques;23;3
SQUADRONE SYSTEM;DIVA;Transport et mobilité durable;35;3
Stem Genomics;DigiCell;Santé - bioproduction;62;3
SWEETCH Energy;SARBACANNE;Énergies renouvelables, stockage et systèmes énergétiques ;24;3
TREEFROG THERAPEUTICS;TFT SU;Santé - bioproduction;63;3
UTTI;CORAIL;French Fab;43;3
VATES;XCP-ng Shield;Sécurité Cybersécurité;66;3
VEL'CO;MOVE 2021;Transport et mobilité durable;36;3
WATCHFROG;PACQUE;Eau et biodiversité;10;3
ZOO TECHNIC Group Elastoteck;ZooTechnic;Agriculture innovante;69;3
365Talents;TAMARIN;Numérique Deep Tech;48;4
Absolut System SAS;CRYASSY;Espace;39;4
ADAGOS;GoS;Numérique Deep Tech;49;4
Agilcare CONSTRUCTION;I-Dem;Transition écologique applications JOP Paris 2024;36;4
AKTID;ABI.Expert;Économie circulaire;11;4
ANTOFENOL SAS;ANTOXY;Alimentation intelligente;75;4
AXIOMA;FORTI'VIGNE;Adaptation au changement climatique;7;4
BIOSENCY;APEX;Numérique Deep Tech;50;4
Bulane;BULANE LP2H;Performance environnementale des bâtiments ;22;4
CampoSPHERE;CampoSPHERE;Économie circulaire;12;4
Cap Collectif;CIVIC-IA;Numérique Deep Tech;51;4
CeSigma SIGNALS & SYSTEMS;C4WILD;Adaptation au changement climatique;8;4
COLLIN;ROBOTOL 2;Santé – Chirurgie du futur;65;4
COMERSO;So IE!;Économie circulaire;13;4
CONSTRUCTIONS COMPOSITES  BOIS LIGNOROC;LIGNOROC V2;Performance environnementale des bâtiments ;24;4
DAVI;JO'Han;Numérique Deep Tech – applications JOP Paris 2024;61;4
DeepOR S.A.S;NEXT-Blue;Santé – Chirurgie du futur;66;4
Earthcube;DDFake;Numérique Deep Tech;52;4
ENOSIS;BIMOTEP;Économie circulaire;14;4
ESTHESIX;PND-XP;Numérique Deep Tech – applications JOP Paris 2024;63;4
GECKO BIOMEDICAL SA;IDEAS TISSIUM;Santé – Chirurgie du futur;67;4
GEOCORAIL SAS;BLIREM;Adaptation au changement climatique;9;4
GEOTWIN;JO_FlowRegulation;Numérique Deep Tech – applications JOP Paris 2024;62;4
GREEN SPOT TECHNOLOGIES;GreenSpot;Alimentation intelligente;76;4
GreenBig;B-BOT;Économie circulaire;15;4
HESUS;HESUS TRANSPORT;Transition écologique applications JOP Paris 2024;35;4
Homeys;ODADRE;Performance environnementale des bâtiments ;23;4
HYPNO VR;HYPNOVR Pro;Santé – Chirurgie du futur;68;4
kheoos;AVISER;Économie circulaire;16;4
Klaxit;CAAS;Ville en Transition;29;4
LA COMPAGNIE DES MOBILITÉS Geovelo;GEO SMART CITY PLUS;Ville en Transition;30;4
LATTICE MEDICAL;3D BIOFARM;Santé – Chirurgie du futur;69;4
Lili.ai;LILI KG;Numérique Deep Tech;53;4
LMP SAS;Goodwill;Numérique Deep Tech;54;4
M4D TREEGRAM;TREEGRAM;Performance environnementale des bâtiments;25;4
MASTOR;MastOR Cobot;Santé – Chirurgie du futur;70;4
Materr'UP;I-NOVATERRE;Performance environnementale des bâtiments ;26;4
MicrodB;DBFLASH;Ville en Transition;31;4
NATURAL GRASS;AQUAFLOW;Transition écologique applications JOP Paris 2024;33;4
Néolithe;FOSSILISATEUR;Économie circulaire;17;4
OXXIUS SA;laMI;French Fab – Matériaux innovants;44;4
Pellenc ST;PICQ;Économie circulaire;18;4
PIXEE MEDICAL;AUREO;Santé – Chirurgie du futur;71;4
PIXSTART;Woodwatch byPixstart;Espace;40;4
Poly to Poly;POLY TO POLY;Économie circulaire;19;4
QC WARE FRANCE SAS;QML;Numérique Deep Tech;55;4
SANCARE;S.P.E.C.;Numérique Deep Tech;56;4
SARL DRACULA Technologies;LAYER 2.0;French Fab – Matériaux innovants;45;4
SAS Consilium ;NeuroChain;Numérique Deep Tech;57;4
Separative;i-Purification;French Fab - Matériaux innovants;46;4
SIM&CURE;SENUTREN;Santé - Chirurgie du futur;72;4
SODITECH;L.A.S.E.R;Espace;41;4
SolZero;BOUCLONS !;Transition écologique applications JOP Paris 2024;34;4
SYRLINKS;SynchroCube;Espace;42;4
Techniwood;MANTOBLOC;Performance environnementale des bâtiments ;27;4
United Visual Researchers;SPAM;Numérique Deep Tech;58;4
VALAME ;VALAME;Économie circulaire;20;4
VIRTUALISURG;SURGXPERT;Santé - Chirurgie du futur;73;4
VOGO;IA5;Numérique Deep Tech;59;4
WeCo;WeCol'eau;Transition écologique applications JOP Paris 2024;37;4
ZERO GACHIS;EPSILON;Alimentation intelligente;77;4
ACDO;POPOTTE DUCK;Alimentation durable pour la santé;45;5
Acticor Biotech;STIFTH;Santé Situations d’urgences;87;5
Actility;3I2S;French Fab Industrie du futur;60;5
ADV PROPULSE;Propulse HB;Transport et mobilité durable;32;5
AKEO PLUS;TRANSFORMERS;French Fab Industrie du futur;61;5
Agriconnect;Cclair;Industrie et Agriculture éco-efficientes;22;5
alphée développement;HPTS150;Transport et mobilité durable;33;5
AUREA TECHNOLOGY;QUALIPSO;Numérique Deep Tech;70;5
Avicenna.ai;CINA TBI;Santé Situations d’urgences;88;5
AX SYSTEM;AX SOLAR ROBOT;Energies renouvelables, stockage et systèmes énergétiques;11;5
BeeBryte;ScalaBEE;Industrie et Agriculture éco-efficientes;23;5
BeFC ;SATURN;Énergies renouvelables, stockage et systèmes énergétiques;12;5
BIODIS SAS;FRIEND;Alimentation durable pour la santé;46;5
BIOINSPIR;ECOCATALYSE;Industrie et Agriculture éco-efficientes;24;5
BioSCO;OSCAR;Industrie et Agriculture éco-efficientes;25;5
Centiloc;PARTITION;French Fab Industrie du futur;62;5
COSMIAN TECH;CRYPTO-4-CTI;Cybersécurité;53;5
Crocosgodigital;ADREC;Numérique Deep Tech;71;5
DAM GROUP;CVM universel modulaire;Transport et mobilité durable;34;5
DAWEX;Dawex;Numérique Deep Tech;72;5
Deepomatic;LOOP AI;Numérique Deep Tech;73;5
DEFACTO TECHNOLOGIES;GALAXY;Numérique Deep Tech;74;5
DRY4GOOD;R&D Indus;Alimentation durable pour la santé;47;5
E-Mersiv ;HIT Battery;Énergies renouvelables, stockage et systèmes énergétiques;13;5
E-Scopics;DEUS;Santé Situations d’urgences;89;5
Ecov;ByTheWay;Transport et mobilité durable;35;5
ELA Innovation;SMILI;French Fab Industrie du futur;63;5
Energiency;AI4Factory;Industrie et Agriculture éco-efficientes;26;5
ENOVASENSE;MELITA;French Fab Industrie du futur;64;5
Eurevia;UHMF;Transport et mobilité durable;36;5
Everysens;RAILSENS;Transport et mobilité durable;37;5
FITTINGBOX;FittingBox VISIO;Numérique Deep Tech;75;5
GATEWATCHER;INSPECTRA;Cybersécurité;54;5
GAUSSIN;Logistic_H2;Transport et mobilité durable;38;5
GITGUARDIAN;SCI2P;Cybersécurité;55;5
GRAPHEAL;VIRALPASS;Santé Situations d’urgences;90;5
GREEN IMPULSE;SENSITINES;Industrie et Agriculture éco-efficientes;27;5
GREENMOT;GREEN-eBUS;Transport et mobilité durable;39;5
Harfanglab;EDR Harfanglab;Cybersécurité;56;5
Hera-MI;BreastInsightLinker;Numérique Deep Tech;76;5
Hevatech;AMETIS;Énergies renouvelables, stockage et systèmes énergétiques;14;5
HYCCO ;Hydrogen Carbon Compo­ nents;Énergies renouvelables, stockage et systèmes énergétiques;15;5
IADYS;Sea-net 3.0;Eau et biodiversité;07;5
IDMOG;AI-AFC;French Fab Industrie du futur;65;5
INTEGRATIVE PHENOMICS;IMPACTs Obésité;Alimentation durable pour la santé;48;5
ISYBOT;COCI;French Fab Industrie du futur;66;5
JPB SYSTEME;KEYPROD;French Fab Industrie du futur;67;5
Kemica coatings;KECOR;Industrie et Agriculture éco-efficientes;28;5
LINAGORA;Work@Home;Numérique Deep Tech;77;5
MILVUE;ML-Emergency-Suite;Santé Situations d’urgences;91;5
MyMedicalAssistant;iAudiogram;Numérique Deep Tech;78;5
Né d’une seule ferme;Industrie Modulaire;Alimentation durable pour la santé;49;5
Oasis Smart Sim Europe;VELIOS;Numérique Deep Tech;79;5
OpenAirlines;SkyBreathe for ATM;Transport et mobilité durable;40;5
ORIXHA;Vent2Cool;Santé Situations d’urgences;92;5
PLENESYS;HyPlasma;Énergies renouvelables, stockage et systèmes énergétiques;16;5
PowerUp;SKIPPER BOX;Énergies renouvelables, stockage et systèmes énergétiques;18;5
PROCSEA;PROCSEA-HUB;Alimentation durable pour la santé;50;5
QUCIT SAS Smartesting ;QUCIT COMFORT;Numérique Deep Tech;80;5
Redberry ;REDWATERS;Eau et biodiversité;08;5
RetroFleet;RESET;Transport et mobilité durable;41;5
Roseau Technologies;RACCOFLEX-BT;Énergies renouvelables, stockage et systèmes énergétiques;17;5
Scortex;DEEPCAD;French Fab Industrie du futur;68;5
SEKOIA;Intelligence Node;Cybersécurité;57;5
SESAME IT;LOKI ML;Cybersécurité;58;5
Smartesting ;DeepQA;Numérique Deep Tech;81;5
SPACEABLE;METEORA;Numérique Deep Tech;82;5
SpotLight;GROOT;Numérique Deep Tech;83;5
Stockage plus;LUMI;Transport et mobilité durable;42;5
Tellux ;THSL 20-20;Eau et biodiversité;09;5
Telma;HIB;Transport et mobilité durable;43;5
TerraNIS;AGREEO;Industrie et Agriculture éco-efficientes;29;5
toopi organics;RECYCLUR;Industrie et Agriculture éco-efficientes;30;5
VALOREX ;MAIA;Alimentation durable pour la santé;51;5
VeriQloud;HyQloud;Numérique Deep Tech;84;5
VMPS CORPORATION;MATHIA;Numérique Deep Tech;85;5
VSM S.A;SIAM;Santé Situations d’urgences;93;5
Waga Energy;WHIPE;Énergies renouvelables, stockage et systèmes énergétiques;19;5
Watt&Well;UNCAGED;Énergies renouvelables, stockage et systèmes énergétiques;20;5
WOMED;WOMED Hemostasis;Santé Situations d’urgences;94;5
Amiral Technologies;P2_AI4;Numérique Deep Tech;41;6
ARSKAN ;MoVI3D;Numérique Deep Tech;42;6
Atawey;MOBHYL;Hydrogène;20;6
AXIONABLE ;SWITCH;Adaptation des territoires au changement climatique et  métrologie des expositions environnementales;7;6
Batiprint3D;RoBETICS;Performance environnementale des bâtiments;25;6
Be Energy ;REGEN PULSE;Économie circulaire;14;6
Blockchain Certified Dat;VC BY BCDIPLOMA;Numérique Deep Tech;43;6
BrightLoop Converters;H2DC2;Hydrogène;21;6
CES WORKS ;ARGO-CUBE;Espace;36;6
CIRCOULEUR;CADENCE;Économie circulaire;15;6
Combo solutions;Filtr;Performance environnementale des bâtiments;26;6
CONSTRUCTION 3D;CONSTRUCTION LEDGER;Performance environnementale des bâtiments;27;6
Corner ;SyMoNab;Performance environnementale des bâtiments;28;6
Data Science Experts SES;AIperion;Espace;37;6
EQUIUM;ACDC;Performance environnementale des bâtiments;29;6
FERLAM TECHNOLOGIES;BOURRELET COUPE FEU ECO- CONCU;Économie circulaire;16;6
FLODIM;Hy-Wise;Hydrogène;22;6
G-LYTE ;G+LYTE 2.0;Réduction de l’empreinte écologique du numérique;57;6
GEN-HY ;AME-LYSE;Hydrogène;23;6
HEWEL SAS ;ImVisio-DP;Numérique Deep Tech;44;6
HOMIWOO;SCAN’IMMO;Numérique Deep Tech;45;6
INGESPACE ;ARTEMIS;Espace;38;6
Inovadea ;SPEEED;Performance environnementale des bâtiments;30;6
ISAHIT ;ISAHIT-AI;Numérique Deep Tech;46;6
Kimialys;O2DIAG;Santé - santé mentale et diagnostics rapides et nomades;60;6
LEANSPACE ;Leanspace-PaaS;Espace;39;6
Lumedix;Ramones;Santé - santé mentale et diagnostics rapides et nomades;61;6
METAVERSE TECHNOLOGIES;France PULSE 3D France PULSE 3D;Numérique Deep Tech;47;6
MillionRoads;HumanRoads;Numérique Deep Tech;48;6
MY TRAFFIC;MTFV;Numérique Deep Tech;49;6
NEOVYA Mobilité ;HUBSIM;Adaptation des territoires au changement climatique et  métrologie des expositions environnementales;8;6
Nimesis Technology;DEWS;Adaptation des territoires au changement climatique et  métrologie des expositions environnementales;9;6
OCEAN Dx ;OCEANuniversel;Santé - santé mentale et diagnostics rapides et nomades;64;6
PROOV STATION;SMART INSPECTOR 2.0;Numérique Deep Tech;50;6
PROPHESEE ;NISP;Numérique Deep Tech;51;6
QUANDELA ;ROQC;Numérique Deep Tech;52;6
SDS logistique ;Stock central;Économie circulaire;17;6
Sêmeia ;APPRenD2;Santé - santé mentale et diagnostics rapides et nomades;62;6
SESTERCE;FPGA4BC Xchip;Numérique Deep Tech;53;6
SMARTCATCH;SMART-DETECT;Santé - santé mentale et diagnostics rapides et nomades;63;6
Sublime Energie ;Charlie;Économie circulaire;18;6
Telaqua;Irrigeasy;Adaptation des territoires au changement climatique et  métrologie des expositions environnementales;10;6
Terria;Terria;Performance environnementale des bâtiments;31;6
THE AI INSTITUTE ;ABCode-IA;Numérique Deep Tech;54;6
UNEOLE ;PlateformENRS;Performance environnementale des bâtiments;32;6
VERDIKT ;VERDIKT;Réduction de l’empreinte écologique du numérique;58;6
Vesta Construction Technologies;COMBO;Performance environnementale des bâtiments;33;6
Visionairy;Visionairy Software;Numérique Deep Tech;55;6
vorteX.io;Hydrolink;Adaptation des territoires au changement climatique et  métrologie des expositions environnementales;11;6
wever;Moby Changer;Adaptation des territoires au changement climatique et  métrologie des expositions environnementales;12;6
WOODOO ;ALCHIMIE;Performance environnementale des bâtiments;34;6
 Nxo engineering; VOLTA; Eau et biodiversité; 18;7
O2D Environnement;ESUVIA; Eau et biodiversité;16;7
 Purecontrol;PureSTEP; Eau et biodiversité; 17;7
 Apix analytics;MADRID; Energies renouvelables, stockage et systèmes énergétiques dont hydrogène; 22;7
GREENOV-ITES;SEALENCE; Energies renouvelables, stockage et systèmes énergétiques dont hydrogène;23;7
Newheat; THERMODEEP; Energies renouvelables, stockage et systèmes énergétiques dont hydrogène; 24;7
Ze energy;ZENIT; Energies renouvelables, stockage et systèmes énergétiques dont hydrogène; 25;7
 Fairbrics SAS;Airwear; Enjeux de la transition écologique dans l’industrie et l’agriculture; 28;7
 farm3;FarmTree; Enjeux de la transition écologique dans l’industrie et l’agriculture; 31;7
 Micropep technologies;BIO-SAFE; Enjeux de la transition écologique dans l’industrie et l’agriculture; 29;7
 MYCOPHYTO; MycoAgri; Enjeux de la transition écologique dans l’industrie et l’agriculture;32;7
 SOLICAZ; ECOBIOSTIM; Enjeux de la transition écologique dans l’industrie et l’agriculture; 30;7
 SYLVABOT; NEOFARM; Enjeux de la transition écologique dans l’industrie et l’agriculture;33;7
Gene&Green TK;ZYCOPHYTO; Enjeux de la transition écologique dans l’industrie et l’agriculture;32;7
 Ways; Séchage au CO2; Enjeux de la transition écologique dans l’industrie et l’agriculture; 34;7
Advanced Aerodynamic Vessels; eShuttle;Mobilité durable et intelligente;39;7
 ME Concept SAS;IEMFUM;Mobilité durable et intelligente;42;7
 DIGIMOBEE; mobeeMAAS;Mobilité durable et intelligente; 44;7
 Finx; FinX Motor 2021;Mobilité durable et intelligente;41;7
France Autopartage;SYNAPS 2;Mobilité durable et intelligente;49;7
HY GENERATION; RIM30;Mobilité durable et intelligente; 48;7
 ITinSell; NEXT;Mobilité durable et intelligente;47;7
K-Ryol; K-Ryole Transpalette;Mobilité durable et intelligente;43;7
MOB ENERGY;EVE;Mobilité durable et intelligente;40;7
NEOTRUCKS;NEOTRUCKS;Mobilité durable et intelligente; 46;7
 OCEAN DEVELOPPEMENT;MODX;Mobilité durable et intelligente; 45;7
TaxyMatch;TaxyMatch;Mobilité durable et intelligente; 50;7
Vianova;CurbManager;Mobilité durable et intelligente; 38;7
 ADYOULIKE;HYPE; Numérique Deep Tech; 66;7
AItenders; Aicontracts; Numérique Deep Tech; 54;7
AnthroPi;ANTHROSCOPI; Numérique Deep Tech;56;7
Audensiel healthcare;AIDRUG; Numérique Deep Tech; 55;7
Avatar medical; AVATAR4 Medtech; Numérique Deep Tech; 58;7
 CryptoNext; B-TRUST; Numérique Deep Tech;60;7
DEMBoost;DEMVIRTUAL; Numérique Deep Tech; 63;7
Dreamquark;IACSF-2021; Numérique Deep Tech;67;7
HOOMANO; INTERACT; Numérique Deep Tech; 68;7
INIT ML;Clip-Drop; Numérique Deep Tech;61;7
KAIKO;DeFi Market Data Infrastructure; Numérique Deep Tech;62;7
Left Angle;Artisan; Numérique Deep Tech; 57;7
Luos Robotics;MOONRISE; Numérique Deep Tech;70;7
OCCIDEV; Ticketless_I-NOV; Numérique Deep Tech;75;7
Qubit Pharmaceuticals; QUMED; Numérique Deep Tech; 71;7
Seamless Waves;ECOCOM-5G; Numérique Deep Tech; 64;7
SCIBIDS TECHNOLOGY; SCIBAPP; Numérique Deep Tech;72;7
SIKIWIS;U-AI; Numérique Deep Tech; 76;7
SUB C MARINE;SLAM Visio-A; Numérique Deep Tech; 73;7
Synapse Développement; BOT CYCLE; Numérique Deep Tech; 59;7
UWINLOC;MAGYC; Numérique Deep Tech; 69;7
Wise-integration; GanSquare; Numérique Deep Tech; 65;7
Yole Developpement; Yole Market & Technology Learning; Numérique Deep Tech;77;7
Zaion; SMART COACHING; Numérique Deep Tech;74;7
Algama; TAMALGA;Protéines et ferments du futur; 84;7
INNOVAFEED;BSFOOD;Protéines et ferments du futur; 81;7
PROBAGE;Bioprox healthcare;Protéines et ferments du futur;82;7
PROTERA;BAGEL;Protéines et ferments du futur;80;7
Umiami;UCB;Protéines et ferments du futur; 84;7
Advanced biodesign;ALDESCREEN;Santé - Diagnostic, dépistage et surveillance des pathologies; 88;7
AgenT; AlzDiag;Santé - Diagnostic, dépistage et surveillance des pathologies;89;7
C4Diagnostics;C4UTI;Santé - Diagnostic, dépistage et surveillance des pathologies; 91;7
Cardiorenal; HOMERIC;Santé - Diagnostic, dépistage et surveillance des pathologies;93;7
Diabeloop;APP4PEN;Santé - Diagnostic, dépistage et surveillance des pathologies; 90;7
Keen eye technologies;DIAG PDL1;Santé - Diagnostic, dépistage et surveillance des pathologies;92;7
Neurallys; NanoICP;Santé - Diagnostic, dépistage et surveillance des pathologies;94;7
Oncodiag; Prostadiag;Santé - Diagnostic, dépistage et surveillance des pathologies; 97;7
Primaa;NEO;Santé - Diagnostic, dépistage et surveillance des pathologies; 95;7
Vetophage;PHAGBAC;Santé - Diagnostic, dépistage et surveillance des pathologies; 96;7
Emissive;Exponential;Transformer les industries culturelles et créatives grâce au numérique; 102;7
Mazedia; CLASSROOM VISIT;Transformer les industries culturelles et créatives grâce au numérique; 100;7
MovieChainer; MCH Connect;Transformer les industries culturelles et créatives grâce au numérique;103;7
POPS France;POPS;Transformer les industries culturelles et créatives grâce au numérique;104;7
WiZama;DCART;Transformer les industries culturelles et créatives grâce au numérique;101;7
World Game;THANOS;Transformer les industries culturelles et créatives grâce au numérique; 105;7
 Cap 2020;eSAM-BIO;  : Adaptation de l’agriculture au changement climatique et gestion des aléas; 28;8
 Climate Smart AgriTool; Elzeard;  : Adaptation de l’agriculture au changement climatique et gestion des aléas; 26;8
 GEOSYS; EASY4Ag;  : Adaptation de l’agriculture au changement climatique et gestion des aléas;27;8
 KERMAP;TIMECROP;  : Adaptation de l’agriculture au changement climatique et gestion des aléas; 29;8
aQuasys;Smart Water Grid V2;  Adaptation des territoires au changement climatique atténuation de ses effets,prévention des risques et métrologie des expositions environnementales; 33;8
FEBUS Optics; SeaGuard;  Adaptation des territoires au changement climatique atténuation de ses effets,prévention des risques et métrologie des expositions environnementales; 32;8
Buildrz;IMPACT;  Performance environnementale et énergétique des bâtiments; 39;8
CMDL;COMMI BOT2;  Performance environnementale et énergétique des bâtiments; 36;8
Geosophy;EuroSophy;  Performance environnementale et énergétique des bâtiments; 37;8
 KOCLIKO;ROCC;  Performance environnementale et énergétique des bâtiments;41;8
MUANCE;HINABI;  Performance environnementale et énergétique des bâtiments; 38;8
Pando2;Pando2 EnAirgy;  Performance environnementale et énergétique des bâtiments;40;8
 SAS SPINALCOM; SpinalTwin Analytics;  Performance environnementale et énergétique des bâtiments; 42;8
 SAS WONDERWOMALT;Maltivor;  Économie circulaire (y compris recyclage des métaux critiques); 47;8
 UPCYCLEA SAS;ARCH+;  Économie circulaire (y compris recyclage des métaux critiques);46;8
 BHEALTHCARE;HEIVA Lab;  Santé - Dispositifs médicaux innovants;54;8
Cardiawave; NIUT;  Santé - Dispositifs médicaux innovants; 57;8
FIBERMETRIX; IVIRA;  Santé - Dispositifs médicaux innovants; 55;8
FLUOPTICS;FLUOCARE;  Santé - Dispositifs médicaux innovants; 51;8
HINLAB;COPERNIC-DMI;  Santé - Dispositifs médicaux innovants;50;8
Hirondelle médicale; GVPI;  Santé - Dispositifs médicaux innovants; 53;8
 Japet Medical;JAPET.C;  Santé - Dispositifs médicaux innovants; 56;8
 Laclarée;PERCEIVE;  Santé - Dispositifs médicaux innovants;58;8
MinMaxMedical;GESTURE;  Santé - Dispositifs médicaux innovants;52;8
 GREENMETRICS; SEDENE;  Réduction de l'empreinte environnementale;62;8
 Actronika;Ryzm;  Numérique Deep Tech;71;8
Arkhn; Structure;  Numérique Deep Tech;72;8
EYELIGHTS; EyeGlass;  Numérique Deep Tech;66;8
 Golem.ai (IDEQUANET); Golem.ai;  Numérique Deep Tech; 68;8
Heex Technologies;InsightX;  Numérique Deep Tech; 69;8
 LOGIROAD; AI4ROAD;  Numérique Deep Tech;70;8
 Octopize;AVAT@RS;  Numérique Deep Tech;74;8
PANDASCORE; ESPRIT (E-Sport PRobabilITy builder);  Numérique Deep Tech;67;8
TWICE.AI;UXVIZER;  Numérique Deep Tech; 73;8
Atelier Daruma; LFT (Large Field Theater); Adaptation des territoires au changement climatique atténuation de ses effets,prévention des risques et métrologie des expositions environnementales; 84;8
DAREWISE ENTERTAINMENT; WWD (WiseWorld); Adaptation des territoires au changement climatique atténuation de ses effets,prévention des risques et métrologie des expositions environnementales; 91;8
Dark Matters Solutions; DMS Studio; Adaptation des territoires au changement climatique atténuation de ses effets,prévention des risques et métrologie des expositions environnementales;81;8
GAIAR; DCNS; Adaptation des territoires au changement climatique atténuation de ses effets,prévention des risques et métrologie des expositions environnementales;80;8
Heuritech;SHI&FT STUDIO; Adaptation des territoires au changement climatique atténuation de ses effets,prévention des risques et métrologie des expositions environnementales; 87;8
Infinite Square; inwink; Adaptation des territoires au changement climatique atténuation de ses effets,prévention des risques et métrologie des expositions environnementales; 83;8
INTENSCITY;INTENSCITY; Adaptation des territoires au changement climatique atténuation de ses effets,prévention des risques et métrologie des expositions environnementales; 82;8
La Vingt-Cinquième Heure Distribution;25e Heure; Adaptation des territoires au changement climatique atténuation de ses effets,prévention des risques et métrologie des expositions environnementales;78;8
PICTIA; NFT-IL; Adaptation des territoires au changement climatique atténuation de ses effets,prévention des risques et métrologie des expositions environnementales; 85;8
PIXPOLE; WAKATOON+; Adaptation des territoires au changement climatique atténuation de ses effets,prévention des risques et métrologie des expositions environnementales; 90;8
Spideo; Rumo Connect; Adaptation des territoires au changement climatique atténuation de ses effets,prévention des risques et métrologie des expositions environnementales;86;8
STAGE 11; STAGE 11; Adaptation des territoires au changement climatique atténuation de ses effets,prévention des risques et métrologie des expositions environnementales; 88;8
Tech’4’Team; Arenametrix GDS; Adaptation des territoires au changement climatique atténuation de ses effets,prévention des risques et métrologie des expositions environnementales; 79;8
WABEL;TANGO MEETINGS; Adaptation des territoires au changement climatique atténuation de ses effets,prévention des risques et métrologie des expositions environnementales;89;8
ECLORE ACTUATORS;ECLORE2; French Fab – industrie 4.0; 95;8
Jimmy Energy; Digital Heat; French Fab – industrie 4.0;94;8
R&D VISION; OLINPIA; French Fab – industrie 4.0; 97;8
Sogilis; REFLEX Framework; French Fab – industrie 4.0;98;8
Spare Parts 3D;N&TS 3D; French Fab – industrie 4.0;96;8
Stirweld;STIRWELD 4.0; French Fab – industrie 4.0;99;8
Epigene Labs; mCUBE;Santé - Outils de modélisation / simulation numériquepour le développement de biomédicaments; 102;8
Biodiv-Wind;  FUSION IA; Energies, ressources et milieux naturels;22;9
Earthwake Entreprise; PLASTOPLAS – PLASTIC TO; Energies, ressources et milieux naturels;26;9
ENTENT;  PULSE50; Energies, ressources et milieux naturels; 27;9
Fairme; SMART FACTORY; Energies, ressources et milieux naturels;30;9
Genesis;  SHERPA; Energies, ressources et milieux naturels; 29;9
Les Alchimistes;  LES COUCHES FERTILES DEMO; Energies, ressources et milieux naturels; 23;9
OBIOSEED; OBIO&SEA; Energies, ressources et milieux naturels; 24;9
 ORPIA Orpia Innovation;  ORPIA; Energies, ressources et milieux naturels; 25;9
Trees-Everywhere;  QBC; Energies, ressources et milieux naturels;28;9
APHELIOR; APHELIOR (ONTBO); Numérique Deeptech; 34;9
 CGX AERO; SMART HUB PORT; Numérique Deeptech;42;9
 DIGITICA SAS;  ATTRACT; Numérique Deeptech; 37;9
 DOCENT; CAVIAR; Numérique Deeptech; 38;9
 Expéditions Spectacles; SOCAN22; Numérique Deeptech; 43;9
 Nimble One;  ARU; Numérique Deeptech;35;9
 NOVAQUARK;  YOUR PLAYGROUND; Numérique Deeptech; 40;9
 Perspective[S];  MESHFOUNDRY; Numérique Deeptech;39;9
SESTERCE France LABS;  ARX; Numérique Deeptech;36;9
 UNIFIED SOFTWARE; SOFTWARE FACTORY2022; Numérique Deeptech; 44;9
Upfluence SAS; ROIMI; Numérique Deeptech;41;9
Vaonis; TICAA; Numérique Deeptech;45;9
eBikeLabs;  EBIKEOS; Transports, mobilités, villes et bâtiments durables;48;9
 Ecov; PLATEFORME DES SIÈGES LIBRES; Transports, mobilités, villes et bâtiments durables; 53;9
Emerwall; EMW UDI; Transports, mobilités, villes et bâtiments durables; 50;9
GAYA;  HYPHOS-PRO; Transports, mobilités, villes et bâtiments durables; 51;9
INKLUS-if;  OKEENEA DIGITAL; Transports, mobilités, villes et bâtiments durables;52;9
LDL TECHNOLOGY;  WSN; Transports, mobilités, villes et bâtiments durables;55;9
NRGYBox;  SCADALIGHT; Transports, mobilités, villes et bâtiments durables;54;9
VU Log; EDMU; Transports, mobilités, villes et bâtiments durables; 49;9
ABYS MEDICAL;  JUDET 4.0;Santé;68;9
ADLIN Science; INTEGRATIOMICS 2;Santé;66;9
Basecamp Vascular; GECKO+;Santé;62;9
COHESIVES;  ANCORE TECHNOLOGY;Santé; 58;9
DAMAE Medical; DEEPMOHS;Santé;60;9
ExactCure;  INTERACTWIN;Santé; 67;9
FeetMe; PTTM;Santé;76;9
HDSI APPLICATION;  LUNA-DTX;Santé; 71;9
Healthy Mind; NEUROMINDINOV;Santé; 73;9
HEPHAISTOS-Pharma;  ONCO-BOOST;Santé;75;9
I.Ceram;  S2OP2CI;Santé;77;9
Mablink Bioscience; MBK-103;Santé;72;9
Okomera; TUMORDROP22;Santé; 80;9
ORTHOPUS;  IAT;Santé;65;9
Perha Pharmaceuticals; LCTB-21;Santé; 70;9
PHENOCELL; KEEPSIGHT;Santé; 69;9
PHOST’IN THERAPEUTICS; GLYCOPHAST;Santé; 63;9
SKAIROS; SILVER SPINE;Santé; 79;9
SynapCell;  CORTEX;Santé;59;9
Ubiplug;  SHIVAT;Santé;78;9
Usense; NEXUS;Santé;74;9
VitaDX International;  VISIOCYT® 3D;Santé;81;9
Wefight;  IA VIK;Santé; 64;9
ZIWIG;  ERNAD;Santé;61;9
 BiOceanOr; PREMICE; Energies, ressources et milieux naturels;28;10
 AKANTHAS;  AKANTHASWASTE1; Energies, ressources et milieux naturels;22;10
CAPACITE; GOUACH; Energies, ressources et milieux naturels; 25;10
DIAMSENS; SMART DIAMOND SENSORS; Energies, ressources et milieux naturels; 30;10
INOVAYA; FANON; Energies, ressources et milieux naturels;24;10
 Kikléo;  RÉGALADE; Energies, ressources et milieux naturels;29;10
Micr’Eau; CH4 BOOSTER; Energies, ressources et milieux naturels;23;10
Seaturns; IAS-WEC; Energies, ressources et milieux naturels;26;10
 Weenat;  METEORIA; Energies, ressources et milieux naturels; 27;10
 Alice&Bob; CLOUDCAT; Numérique Deeptech; 37;10
ALPHAIOTA; VIZZIA; Numérique Deeptech; 56;10
 Antescofo SAS;  DeepMuse; Numérique Deeptech;39;10
 Cyblex Technologies;  CUSTOCY LAB; Numérique Deeptech; 38;10
Droon; Ecochain; Numérique Deeptech;40;10
ÉHO.LINK; ÉHO.CIRCLETRUST; Numérique Deeptech; 36;10
ESCAPE TECHNOLOGIES; Escape Scale; Numérique Deeptech; 41;10
 FRENCH TOUCH FACTORY;  ITHACA; Numérique Deeptech;44;10
IOT Symphony;  Octavio; Numérique Deeptech;50;10
Moovency; Kimea Analytics; Numérique Deeptech;45;10
 MURMURATION; CAPENVI; Numérique Deeptech;35;10
 Newsbridge; Multimodal Perception; Numérique Deeptech; 47;10
Nothing2Install;  3D Cloud; Numérique Deeptech; 34;10
PERPETUAL EMOTION;  Evolvr; Numérique Deeptech; 42;10
Pianity;  Pianity; Numérique Deeptech; 52;10
RollingFunds;  R-Xperience; Numérique Deeptech;53;10
UNITED MOTION IDEAS (UMI); FEEDBACK FACTORY; Numérique Deeptech; 43;10
 UPFLOW;  Upflow; Numérique Deeptech;55;10
 Velco SAS; Move 2024; Numérique Deeptech;48;10
 WIREMIND SAS; PAXONE; Numérique Deeptech;51;10
 Zaion;  Multimodal Conversational AI; Numérique Deeptech; 47;10
 Zorba Group;  LIDO XR; Numérique Deeptech;46;10
ADD TECHNOLOGIES;  ADDWINGSAIL; Transports, mobilités, villes et bâtiments durables;59;10
BeFC; Be-Logic BeFC; Transports, mobilités, villes et bâtiments durables;60;10
CYCLIK;  100LIN; Transports, mobilités, villes et bâtiments durables;58;10
EPEIRE3D;  SC3D-VAE; Transports, mobilités, villes et bâtiments durables;65;10
Hoffmann Green Cement Technologies; H-GREEN; Transports, mobilités, villes et bâtiments durables; 61;10
IQSPOT;  PEPIT; Transports, mobilités, villes et bâtiments durables;64;10
MIDIPILE Mobility;  MHyCO; Transports, mobilités, villes et bâtiments durables;63;10
SAS MINIMUM; L’industrie du futur; Transports, mobilités, villes et bâtiments durables;62;10
Caranx Medical;  Asclépios;Santé; 68;10
echOpen Factory; echOpen Remote;Santé;70;10
GANYMED ROBOTICS; GANYPLAN;Santé; 71;10
Keymaging; Keymaging V3;Santé; 73;10
LUCINE;  LUCINE ENDOCARE;Santé;74;10
MED’INN’Pharma - MIP; MedInCellFactory;Santé;75;10
My Family Up;  METAPSY2025;Santé;76;10
NEWCLIP TECHNICS; TECTONICS;Santé; 82;10
POXEL; START;Santé; 81;10
RDS SAS; MultiSense II;Santé; 77;10
RebrAIn;  Ciblage et registre;Santé; 69;10
SAS Open Stent Solution; NESTO;Santé; 78;10
Sensome; SPELL;Santé; 80;10
Swallis Medical; Handy-Swallow III;Santé;72;10
Therapanacea;  ProphesIA;Santé;79;10
WAINVAM-E; WELFA-DeNV;Santé;83;10
   ATHENA RECHERCHE ET INNOVATION;I-HNOV;     Énergies, ressources et milieux naturels;23;11
   AZUVIA;SETEIA;     Énergies, ressources et milieux naturels;25;11
   CORSICA SOLE;ALCHYMISTE;     Énergies, ressources et milieux naturels;20;11
    IDEE SERVICES;MEGAWAVE;     Énergies, ressources et milieux naturels;24;11
     PILI;BIOPIGMENTS;     Énergies, ressources et milieux naturels;21;11
   TREEWATER SAS;ELECTROTATE;     Énergies, ressources et milieux naturels;22;11
   WATURA;TIA;     Énergies, ressources et milieux naturels;26;11
   YOUWOL;YWG;     Énergies, ressources et milieux naturels;27;11
   ALEPH-NETWORKS;ALEPH MERCURE;     Numérique;31;11
   ASTRAN;ASTRAN;     Numérique;29;11
   BLOOM;R0-N;     Numérique;38;11
   DIGDASH;DATA ENLIGHTENMENT;     Numérique;33;11
    DIGITAL4BETTER;DATA4IMPACT;     Numérique;32;11
   EMBODME;SUPERIRIS;     Numérique;41;11
   ENGINN TECHNOLOGIES;ENGINN;     Numérique;34;11
    FIND & ORDER;MIPS 2;     Numérique;36;11
    IMEDIAPP;OMNIBATCH;     Numérique;37;11
    IRIDER;IRAS™;     Numérique;35;11
   LOOP LOGISTICS (LIZEE);RMS;     Numérique;40;11
   PASQAL SAS;10XQER²A;     Numérique;30;11
   POLLEN METROLOGY;Y4M;     Numérique;43;11
    RAILWAI;RAILWAI;     Numérique;39;11
   WHISPEAK;WS2VIP;     Numérique;42;11
APMONIA THERAPEUTICS;INOTAX; Santé;49;11
CARTHERA;SONALS; Santé;54;11
DEEMEA;ASTRID 2; Santé;47;11
DESSINTEY;ACTIVITY LAB; Santé;46;11
HRV SIMULATION;OPTEAM; Santé;51;11
JALON THERAPEUTICS;JRT39; Santé;50;11
O-KIDIA;SPEC(TRUM); Santé;55;11
RIBONEXUS;FLARECARE; Santé;48;11
SEABELIFE;SEABEEYE; Santé;53;11
TRIBUN HEALTH;PATHOMIX; Santé;52;11
ACCWING SAS;ACC; Transports, mobilités, villes et bâtiments durables;58;11
AEROFORCE;WOC; Transports, mobilités, villes et bâtiments durables;67;11
ALTAROAD;BETTER; Transports, mobilités, villes et bâtiments durables;59;11
DEKI;E-COLOGISTIC; Transports, mobilités, villes et bâtiments durables;61;11
FRANCE QUADRICYCLE;OUICYCLE; Transports, mobilités, villes et bâtiments durables;65;11
KARDINAL;KDL; Transports, mobilités, villes et bâtiments durables;63;11
ONSEN;HIPPOCAMPE POOL OPERATING SYSTEM (POS); Transports, mobilités, villes et bâtiments durables;62;11
POGHJI;OGHJI SMART ENERGY; Transports, mobilités, villes et bâtiments durables;64;11
URBANLOOP;CROSS; Transports, mobilités, villes et bâtiments durables;60;11
WALTERRE;WALTAPP®; Transports, mobilités, villes et bâtiments durables;66;11
   SMARTWAY;SMARTORDER;     Énergies, ressources et milieux naturels;21;12
   STAND OVATION;CIRCAS;     Énergies, ressources et milieux naturels;20;12
   YELLOWSCAN;SPLASH;     Énergies, ressources et milieux naturels;22;12
   ASTRAN;ASTRAN;     Numérique;26;12
   DIAMFAB;DIAMVERT;     Numérique;27;12
   IRCAM AMPLIFY;DUPLO;     Numérique;28;12
   KLEEP;KLEEP;     Numérique;29;12
   MENTA SAS;MENTA FPGA CHIPLET;     Numérique;30;12
   MUODIM;MUPAI;     Numérique;31;12
   NOMAD EDUCATION;REVIS’IA;     Numérique;33;12
   PATHWAY (NAVALGO);PATHWAY LOGITICS APP;     Numérique;32;12
ARCHEON MEDICAL;EOLIFE 2; Santé;37;12
BLUEBACK;MY INNER UP; Santé;41;12
BRAINDEX;BRAIN STRESS INDEX; Santé;36;12
GEOMATYS;EPIWISE; Santé;38;12
KURAGE;RE-WALK; Santé;42;12
LOUISE;FERTIGENOMICS; Santé;39;12
LYS THERAPEUTICS;GLUNOZUMAB 2.0; Santé;40;12
SURGAR;X-SURGAR 3D; Santé;43;12
ATOPTIMA;ECO-PLANIFICATION; Transports, mobilités, villes et bâtiments durables;47;12
AVATAR MOBILITÉ;ULIVE; Transports, mobilités, villes et bâtiments durables;51;12
BLUENAV;BLUEBOAT2; Transports, mobilités, villes et bâtiments durables;46;12
FLYING WHALES;SOTALIA; Transports, mobilités, villes et bâtiments durables;50;12
GEOVELO;GEOVELO; Transports, mobilités, villes et bâtiments durables;48;12
MOBA;MOBA; Transports, mobilités, villes et bâtiments durables;49;12
